{
    "Top-Left": [
        [
            349.5772329966227,
            266.0666561126709
        ],
        [
            352.3949432373047,
            261.68938636779785
        ],
        0.024923959653604076,
        -0.026842772429641823,
        153.7336167075604
    ],
    "Top": [
        [
            332.73580392201745,
            273.3247470855713
        ],
        [
            331.1484718322754,
            268.861927986145
        ],
        -0.008597478421031436,
        -0.03223951259571241,
        139.8411806238698
    ],
    "Top-Right": [
        [
            321.03671232859296,
            271.9097828865051
        ],
        [
            312.8788661956787,
            267.69617557525635
        ],
        -0.05467458907750806,
        -0.030614162004340993,
        142.27931608149746
    ],
    "Left": [
        [
            327.06990242004395,
            280.61153650283813
        ],
        [
            329.5634460449219,
            279.06678199768066
        ],
        0.02114462328363019,
        -0.010694696842347648,
        140.90722809535566
    ],
    "Center": [
        [
            324.32999451955163,
            284.8007845878601
        ],
        [
            323.9084815979004,
            282.5396776199341
        ],
        0.0013179696155214424,
        -0.015224721457947614,
        140.09480443626342
    ],
    "Right": [
        [
            317.42713769276935,
            281.2813067436218
        ],
        [
            315.0134086608887,
            279.41349506378174
        ],
        -0.018934143926433673,
        -0.013199078169680911,
        140.18818757280695
    ],
    "Bottom-Left": [
        [
            326.65875275929767,
            279.74881172180176
        ],
        [
            326.8767738342285,
            274.5303153991699
        ],
        0.003845917297464974,
        -0.03116442543758595,
        140.36838786376012
    ],
    "Bottom": [
        [
            327.1481196085612,
            284.9021029472351
        ],
        [
            326.42876625061035,
            280.18798828125
        ],
        -0.005125627768309532,
        -0.029563702192970866,
        139.4892574153151
    ],
    "Bottom-Right": [
        [
            316.6676425933838,
            291.94566011428833
        ],
        [
            310.37818908691406,
            289.16027069091797
        ],
        -0.043027969900235455,
        -0.022982717881385607,
        143.71351193484625
    ]
}